Lola,lola@lolita.com,$2y$10$R7RkB8jV6T4ugg0pJIbBlOWAqvksUyD/aXBdCDIH7qylb6Ul8KSw.
Juan,ffff@ffff.com,$2y$10$bSQvD4mcPVRFEVPQRv9LMOIlBtSFz/.UH4Bi1yz5QczWHeKZi8evq
Pepe,rrrr@rrrr.com,$2y$10$GEkBwvQSv2t97E/BsdKkkOZ1Kt.oE.lUaeHIPm6TPizYOvGqNtf.W
Alicia,llll@llll.com,$2y$10$j5vw8Z0QA/03F7ajLPhBVudU88LjbOnWi7B7mMRr3eVX6dh1apy3.
Aimee,aaaa@aaaa.com,$2y$10$9aDWSzgfn5peQdiZoFdv0efJmen3xMfFK/k8utTBD14BtVd/gD3dW
Ale,bbbb@bbbb.com,$2y$10$vmIxk/.LXSWuZ8bFWx71Ae63QNIJBzTKjUBkyRVSwe6eP7DR/N1Bq
Alito,lito@lito.com,$2y$10$gKjQYF4ncUN566G/L5aMb.DoNYd/HNrKqwkvERSg6HD/hVjczjwy.
Chicho,cccc@cccc.com,$2y$10$1mKDd7NYw/.b.JzL/zm0JuUMkB7EDqBmwJKbjsUI01P.4Yzp.xcsW
Tita,tita@tita.com,$2y$10$MyMOL/.ei4e2S6Dzn2IU7OLERwDwXzQdQzdZ04zWEM4ANCcMJjBZC
Zunzun,zzzz@zzzz.com,$2y$10$lwKfmOd7YdYMEL/JZgCCt.cFO/O50P25UR/ITVl2xL2VBBgn3Wyq.
kjhkhj,lola@fff.com,$2y$10$Dm6X3g7lqyAeDRLIYYfL/OctlVt1jDpIC/RoXWOAnHN9i0Vj9HQoe
kjhkhj,lola@fff.com,$2y$10$mZWwksM4W9C9.v3CF12CDedxHdSglpJmreLqQtvJ8384He3tiRWZi
123456,e@fff.com,$2y$10$.RqVOIfiZ8l44pTUDQkReOva.YrrMsD0Prxdtm6k.OI6UD36cjQ2S
aaaaa,pepe@pepe.com,$2y$10$aFgIeFgfwP4xT4wGJV7AAu5wGlXKWtLwohr0KBAx/AzmrK1TsUGQ6
Tito,uuuu@uuuu.com,$2y$10$UELmY6uA7rfjSo6g9/aaduPrkGJpsp/bWjRY8SzoPmLR301r4G6OC
pepito,pppp@pppp.com,$2y$10$XI.gyyBT6mEjESIUn.tQfe4oSRr1k6L1m6zXHKYSOFJGiEbp4mDHG
otto,oooo@oooo.com,$2y$10$t.bAqeSw5LnppPzWqZ6dVe4ZjDIjBVLd.ekNGhr4cL0PHqI7NPUdu
nono,nnnn@nnnn.com,$2y$10$gNhm7nK39FEzZD37KDILjOKDQ.BC8yYE.xBilriyETMm9x2jq0G3y
